{"name":"Sensitive data","root":"true","children":[{"name":"Health data","size":1,"sensitivityLevel":5,"children":[]},{"name":"Special categories","size":1,"sensitivityLevel":5,"children":[]},{"name":"Name","size":1,"sensitivityLevel":4,"children":[{"name":"Northwind_DDL","subnode":true,"size":1,"children":[{"name":"northwind.employees","subnode":true,"children":[{"name":"last_name","size":1,"subnode":true},{"name":"first_name","size":1,"subnode":true}]},{"name":"northwind.shippers","subnode":true,"children":[{"name":"last_name","size":1,"subnode":true},{"name":"first_name","size":1,"subnode":true}]},{"name":"northwind.suppliers","subnode":true,"children":[{"name":"last_name","size":1,"subnode":true},{"name":"first_name","size":1,"subnode":true}]},{"name":"northwind.customers","subnode":true,"children":[{"name":"last_name","size":1,"subnode":true},{"name":"first_name","size":1,"subnode":true}]}]}]},{"name":"Social security number (Austria)","size":1,"sensitivityLevel":4,"children":[]},{"name":"Customer_notes","size":1,"sensitivityLevel":3,"children":[{"name":"Northwind_DDL","subnode":true,"size":1,"children":[{"name":"northwind.customers","subnode":true,"children":[{"name":"notes","size":1,"subnode":true}]}]}]},{"name":"REF_user_noteid","size":1,"sensitivityLevel":3,"children":[]},{"name":"Password","size":1,"sensitivityLevel":3,"children":[]},{"name":"Username","size":1,"sensitivityLevel":3,"children":[]},{"name":"Postal address","size":1,"sensitivityLevel":2,"children":[]},{"name":"Email address","size":1,"sensitivityLevel":2,"children":[{"name":"Northwind_DDL","subnode":true,"size":1,"children":[{"name":"northwind.employees","subnode":true,"children":[{"name":"email_address","size":1,"subnode":true}]},{"name":"northwind.shippers","subnode":true,"children":[{"name":"email_address","size":1,"subnode":true}]},{"name":"northwind.suppliers","subnode":true,"children":[{"name":"email_address","size":1,"subnode":true}]},{"name":"northwind.customers","subnode":true,"children":[{"name":"email_address","size":1,"subnode":true}]}]}]},{"name":"Photo","size":1,"sensitivityLevel":2,"children":[]},{"name":"Phone number","size":1,"sensitivityLevel":1,"children":[{"name":"Northwind_DDL","subnode":true,"size":1,"children":[{"name":"northwind.employees","subnode":true,"children":[{"name":"business_phone","size":1,"subnode":true},{"name":"home_phone","size":1,"subnode":true},{"name":"mobile_phone","size":1,"subnode":true}]},{"name":"northwind.shippers","subnode":true,"children":[{"name":"business_phone","size":1,"subnode":true},{"name":"home_phone","size":1,"subnode":true},{"name":"mobile_phone","size":1,"subnode":true}]},{"name":"northwind.suppliers","subnode":true,"children":[{"name":"business_phone","size":1,"subnode":true},{"name":"home_phone","size":1,"subnode":true},{"name":"mobile_phone","size":1,"subnode":true}]},{"name":"northwind.customers","subnode":true,"children":[{"name":"business_phone","size":1,"subnode":true},{"name":"home_phone","size":1,"subnode":true},{"name":"mobile_phone","size":1,"subnode":true}]}]}]},{"name":"Age","size":1,"sensitivityLevel":0,"children":[]},{"name":"ZIP/Postal code","size":1,"sensitivityLevel":0,"children":[{"name":"Northwind_DDL","subnode":true,"size":1,"children":[{"name":"northwind.employees","subnode":true,"children":[{"name":"zip_postal_code","size":1,"subnode":true}]},{"name":"northwind.shippers","subnode":true,"children":[{"name":"zip_postal_code","size":1,"subnode":true}]},{"name":"northwind.suppliers","subnode":true,"children":[{"name":"zip_postal_code","size":1,"subnode":true}]},{"name":"northwind.customers","subnode":true,"children":[{"name":"zip_postal_code","size":1,"subnode":true}]}]}]}]}