{"name":"Sensitive data","root":"true","children":[{"name":"Northwind_DDL","application":true,"children":[{"name":"ZIP/Postal code","sensitivityLevel":0,"children":[{"name":"northwind.employees","subnode":true,"children":[{"name":"zip_postal_code","size":1,"subnode":true}]},{"name":"northwind.shippers","subnode":true,"children":[{"name":"zip_postal_code","size":1,"subnode":true}]},{"name":"northwind.suppliers","subnode":true,"children":[{"name":"zip_postal_code","size":1,"subnode":true}]},{"name":"northwind.customers","subnode":true,"children":[{"name":"zip_postal_code","size":1,"subnode":true}]}]},{"name":"Customer_notes","sensitivityLevel":3,"children":[{"name":"northwind.customers","subnode":true,"children":[{"name":"notes","size":1,"subnode":true}]}]},{"name":"Name","sensitivityLevel":4,"children":[{"name":"northwind.employees","subnode":true,"children":[{"name":"last_name","size":1,"subnode":true},{"name":"first_name","size":1,"subnode":true}]},{"name":"northwind.shippers","subnode":true,"children":[{"name":"last_name","size":1,"subnode":true},{"name":"first_name","size":1,"subnode":true}]},{"name":"northwind.suppliers","subnode":true,"children":[{"name":"last_name","size":1,"subnode":true},{"name":"first_name","size":1,"subnode":true}]},{"name":"northwind.customers","subnode":true,"children":[{"name":"last_name","size":1,"subnode":true},{"name":"first_name","size":1,"subnode":true}]}]},{"name":"Phone number","sensitivityLevel":1,"children":[{"name":"northwind.employees","subnode":true,"children":[{"name":"business_phone","size":1,"subnode":true},{"name":"home_phone","size":1,"subnode":true},{"name":"mobile_phone","size":1,"subnode":true}]},{"name":"northwind.shippers","subnode":true,"children":[{"name":"business_phone","size":1,"subnode":true},{"name":"home_phone","size":1,"subnode":true},{"name":"mobile_phone","size":1,"subnode":true}]},{"name":"northwind.suppliers","subnode":true,"children":[{"name":"business_phone","size":1,"subnode":true},{"name":"home_phone","size":1,"subnode":true},{"name":"mobile_phone","size":1,"subnode":true}]},{"name":"northwind.customers","subnode":true,"children":[{"name":"business_phone","size":1,"subnode":true},{"name":"home_phone","size":1,"subnode":true},{"name":"mobile_phone","size":1,"subnode":true}]}]},{"name":"Email address","sensitivityLevel":2,"children":[{"name":"northwind.employees","subnode":true,"children":[{"name":"email_address","size":1,"subnode":true}]},{"name":"northwind.shippers","subnode":true,"children":[{"name":"email_address","size":1,"subnode":true}]},{"name":"northwind.suppliers","subnode":true,"children":[{"name":"email_address","size":1,"subnode":true}]},{"name":"northwind.customers","subnode":true,"children":[{"name":"email_address","size":1,"subnode":true}]}]}]}]}